{
    "head": {
        "optimistic": {
            "adjusted_geometric_mean_rank_index": 0.9872682356054387,
            "adjusted_inverse_harmonic_mean_rank": 0.17775797806144975,
            "median_absolute_deviation": 490.7413343253542,
            "adjusted_arithmetic_mean_rank_index": 0.8134673539707218,
            "variance": 31114782.73213781,
            "adjusted_arithmetic_mean_rank": 0.18656966378236411,
            "standard_deviation": 5578.062632504032,
            "inverse_geometric_mean_rank": 0.00483416876688366,
            "arithmetic_mean_rank": 4099.879600359052,
            "inverse_median_rank": 0.0030120481927710845,
            "inverse_harmonic_mean_rank": 0.17796879741055996,
            "median_rank": 332.0,
            "harmonic_mean_rank": 5.618962506630187,
            "geometric_mean_rank": 206.8607961828872,
            "z_geometric_mean_rank": 316.3240576141405,
            "inverse_arithmetic_mean_rank": 0.00024390960161669716,
            "z_inverse_harmonic_mean_rank": 9307.659239723569,
            "count": 102492.0,
            "z_arithmetic_mean_rank": 451.05352465804754,
            "hits_at_1": 0.11682863052726067,
            "hits_at_3": 0.20321586075010734,
            "hits_at_5": 0.24464348436951178,
            "hits_at_10": 0.29765249970729424,
            "z_hits_at_k": 6313.047694237928,
            "adjusted_hits_at_k": 0.2974926483428651
        },
        "realistic": {
            "adjusted_geometric_mean_rank_index": 0.9872681810015417,
            "adjusted_inverse_harmonic_mean_rank": 0.1777547314332295,
            "median_absolute_deviation": 490.7413343253542,
            "adjusted_arithmetic_mean_rank_index": 0.8134673188959705,
            "variance": 31114796.0,
            "adjusted_arithmetic_mean_rank": 0.1865696988555193,
            "standard_deviation": 5578.06396484375,
            "inverse_geometric_mean_rank": 0.004834148101508617,
            "arithmetic_mean_rank": 4099.88037109375,
            "inverse_median_rank": 0.0030120480805635452,
            "inverse_harmonic_mean_rank": 0.17796555161476135,
            "median_rank": 332.0,
            "harmonic_mean_rank": 5.619064987164937,
            "geometric_mean_rank": 206.86167907714844,
            "z_geometric_mean_rank": 316.32404011886854,
            "inverse_arithmetic_mean_rank": 0.00024390955513808876,
            "z_inverse_harmonic_mean_rank": 9307.489241676327,
            "count": 102492.0,
            "z_arithmetic_mean_rank": 451.05350520970694,
            "hits_at_1": 0.11681887366818873,
            "hits_at_3": 0.20321586075010734,
            "hits_at_5": 0.24464348436951178,
            "hits_at_10": 0.29765249970729424,
            "z_hits_at_k": 6313.047694237928,
            "adjusted_hits_at_k": 0.2974926483428651
        },
        "pessimistic": {
            "adjusted_geometric_mean_rank_index": 0.9872681409052819,
            "adjusted_inverse_harmonic_mean_rank": 0.17775308892905187,
            "median_absolute_deviation": 490.7413343253542,
            "adjusted_arithmetic_mean_rank_index": 0.8134672651672965,
            "variance": 31114809.601257056,
            "adjusted_arithmetic_mean_rank": 0.1865697525817482,
            "standard_deviation": 5578.0650409669,
            "inverse_geometric_mean_rank": 0.004834132983932614,
            "arithmetic_mean_rank": 4099.881551730867,
            "inverse_median_rank": 0.0030120481927710845,
            "inverse_harmonic_mean_rank": 0.17796390953171476,
            "median_rank": 332.0,
            "harmonic_mean_rank": 5.619116834595,
            "geometric_mean_rank": 206.86232739639908,
            "z_geometric_mean_rank": 316.3240272718923,
            "inverse_arithmetic_mean_rank": 0.00024390948552594773,
            "z_inverse_harmonic_mean_rank": 9307.403237833618,
            "count": 102492.0,
            "z_arithmetic_mean_rank": 451.0534754180901,
            "hits_at_1": 0.11681887366818873,
            "hits_at_3": 0.20321586075010734,
            "hits_at_5": 0.24464348436951178,
            "hits_at_10": 0.29765249970729424,
            "z_hits_at_k": 6313.047694237928,
            "adjusted_hits_at_k": 0.2974926483428651
        }
    },
    "tail": {
        "optimistic": {
            "adjusted_geometric_mean_rank_index": 0.9999889097838329,
            "adjusted_inverse_harmonic_mean_rank": 0.918767801650461,
            "median_absolute_deviation": 0.0,
            "adjusted_arithmetic_mean_rank_index": 0.999953979334936,
            "variance": 81.27392956220827,
            "adjusted_arithmetic_mean_rank": 9.120912719950156e-05,
            "standard_deviation": 9.015205464225886,
            "inverse_geometric_mean_rank": 0.8470456208011555,
            "arithmetic_mean_rank": 2.01832338133708,
            "inverse_median_rank": 1.0,
            "inverse_harmonic_mean_rank": 0.9187884969222287,
            "median_rank": 1.0,
            "harmonic_mean_rank": 1.0883897690815838,
            "geometric_mean_rank": 1.1805739566355076,
            "z_geometric_mean_rank": 320.4001377904217,
            "inverse_arithmetic_mean_rank": 0.49546074194390466,
            "z_inverse_harmonic_mean_rank": 48276.37785619702,
            "count": 102492.0,
            "z_arithmetic_mean_rank": 554.4671366037614,
            "hits_at_1": 0.8758244545915779,
            "hits_at_3": 0.9562404870624048,
            "hits_at_5": 0.9718319478593451,
            "hits_at_10": 0.9851207899153105,
            "z_hits_at_k": 20978.29704938756,
            "adjusted_hits_at_k": 0.9851174270816467
        },
        "realistic": {
            "adjusted_geometric_mean_rank_index": 0.9999889097848377,
            "adjusted_inverse_harmonic_mean_rank": 0.9187677974067472,
            "median_absolute_deviation": 0.0,
            "adjusted_arithmetic_mean_rank_index": 0.9999539793331219,
            "variance": 81.27392578125,
            "adjusted_arithmetic_mean_rank": 9.120912901350375e-05,
            "standard_deviation": 9.015205383300781,
            "inverse_geometric_mean_rank": 0.8470456600189209,
            "arithmetic_mean_rank": 2.0183234214782715,
            "inverse_median_rank": 1.0,
            "inverse_harmonic_mean_rank": 0.9187884926795961,
            "median_rank": 1.0,
            "harmonic_mean_rank": 1.0883897741073738,
            "geometric_mean_rank": 1.1805739402770996,
            "z_geometric_mean_rank": 320.4001377907436,
            "inverse_arithmetic_mean_rank": 0.49546071887016296,
            "z_inverse_harmonic_mean_rank": 48276.37763321235,
            "count": 102492.0,
            "z_arithmetic_mean_rank": 554.4671366027555,
            "hits_at_1": 0.8758244545915779,
            "hits_at_3": 0.9562404870624048,
            "hits_at_5": 0.9718319478593451,
            "hits_at_10": 0.9851207899153105,
            "z_hits_at_k": 20978.29704938756,
            "adjusted_hits_at_k": 0.9851174270816467
        },
        "pessimistic": {
            "adjusted_geometric_mean_rank_index": 0.9999889097838329,
            "adjusted_inverse_harmonic_mean_rank": 0.918767801650461,
            "median_absolute_deviation": 0.0,
            "adjusted_arithmetic_mean_rank_index": 0.999953979334936,
            "variance": 81.27392956220827,
            "adjusted_arithmetic_mean_rank": 9.120912719950156e-05,
            "standard_deviation": 9.015205464225886,
            "inverse_geometric_mean_rank": 0.8470456208011555,
            "arithmetic_mean_rank": 2.01832338133708,
            "inverse_median_rank": 1.0,
            "inverse_harmonic_mean_rank": 0.9187884969222287,
            "median_rank": 1.0,
            "harmonic_mean_rank": 1.0883897690815838,
            "geometric_mean_rank": 1.1805739566355076,