{
    "head": {
        "optimistic": {
            "adjusted_geometric_mean_rank_index": 0.9983458235070741,
            "adjusted_inverse_harmonic_mean_rank": 0.1345648209608731,
            "median_absolute_deviation": 35.58245324413445,
            "adjusted_arithmetic_mean_rank_index": 0.984975903514709,
            "variance": 5677961.4213170465,
            "adjusted_arithmetic_mean_rank": 0.01506891892913445,
            "standard_deviation": 2382.8473348741936,
            "inverse_geometric_mean_rank": 0.03604058644090402,
            "arithmetic_mean_rank": 331.14040120204504,
            "inverse_median_rank": 0.03571428571428571,
            "inverse_harmonic_mean_rank": 0.13478671485132637,
            "median_rank": 28.0,
            "harmonic_mean_rank": 7.419128814757662,
            "geometric_mean_rank": 27.746496346270792,
            "z_geometric_mean_rank": 319.87335397276763,
            "inverse_arithmetic_mean_rank": 0.0030198670907264223,
            "z_inverse_harmonic_mean_rank": 7046.004420264295,
            "count": 102492.0,
            "z_arithmetic_mean_rank": 546.1520377123147,
            "hits_at_1": 0.05926316200288803,
            "hits_at_3": 0.13133707996721694,
            "hits_at_5": 0.18495102056745893,
            "hits_at_10": 0.28747609569527377,
            "z_hits_at_k": 6097.046573078944,
            "adjusted_hits_at_k": 0.2873139282236959
        },
        "realistic": {
            "adjusted_geometric_mean_rank_index": 0.998345823398123,
            "adjusted_inverse_harmonic_mean_rank": 0.13456481625142855,
            "median_absolute_deviation": 35.58245324413445,
            "adjusted_arithmetic_mean_rank_index": 0.9849758933300662,
            "variance": 5677968.0,
            "adjusted_arithmetic_mean_rank": 0.015068929113313811,
            "standard_deviation": 2382.8486328125,
            "inverse_geometric_mean_rank": 0.03604058548808098,
            "arithmetic_mean_rank": 331.140625,
            "inverse_median_rank": 0.0357142873108387,
            "inverse_harmonic_mean_rank": 0.1347867101430893,
            "median_rank": 28.0,
            "harmonic_mean_rank": 7.419129073915388,
            "geometric_mean_rank": 27.746498107910156,
            "z_geometric_mean_rank": 319.8733539378593,
            "inverse_arithmetic_mean_rank": 0.0030198651365935802,
            "z_inverse_harmonic_mean_rank": 7046.004173671115,
            "count": 102492.0,
            "z_arithmetic_mean_rank": 546.152032065107,
            "hits_at_1": 0.05926316200288803,
            "hits_at_3": 0.13133707996721694,
            "hits_at_5": 0.18495102056745893,
            "hits_at_10": 0.28747609569527377,
            "z_hits_at_k": 6097.046573078944,
            "adjusted_hits_at_k": 0.2873139282236959
        },
        "pessimistic": {
            "adjusted_geometric_mean_rank_index": 0.99834582269004,
            "adjusted_inverse_harmonic_mean_rank": 0.13456481408596063,
            "median_absolute_deviation": 35.58245324413445,
            "adjusted_arithmetic_mean_rank_index": 0.9849758844219726,
            "variance": 5677973.397889925,
            "adjusted_arithmetic_mean_rank": 0.015068938021002027,
            "standard_deviation": 2382.849847953061,
            "inverse_geometric_mean_rank": 0.036040569281242656,
            "arithmetic_mean_rank": 331.1408207469851,
            "inverse_median_rank": 0.03571428571428571,
            "inverse_harmonic_mean_rank": 0.13478670797817657,
            "median_rank": 28.0,
            "harmonic_mean_rank": 7.419129193079712,
            "geometric_mean_rank": 27.746509556952276,
            "z_geometric_mean_rank": 319.87335371098715,
            "inverse_arithmetic_mean_rank": 0.0030198632646503895,
            "z_inverse_harmonic_mean_rank": 7046.004060284149,
            "count": 102492.0,
            "z_arithmetic_mean_rank": 546.1520271257239,
            "hits_at_1": 0.05926316200288803,
            "hits_at_3": 0.13133707996721694,
            "hits_at_5": 0.18495102056745893,
            "hits_at_10": 0.28747609569527377,
            "z_hits_at_k": 6097.046573078944,
            "adjusted_hits_at_k": 0.2873139282236959
        }
    },
    "tail": {
        "optimistic": {
            "adjusted_geometric_mean_rank_index": 0.9999898207359316,
            "adjusted_inverse_harmonic_mean_rank": 0.9329168372267063,
            "median_absolute_deviation": 0.0,
            "adjusted_arithmetic_mean_rank_index": 0.99897701974537,
            "variance": 221332.64571615332,
            "adjusted_arithmetic_mean_rank": 0.0010681245674322695,
            "standard_deviation": 470.4600362582919,
            "inverse_geometric_mean_rank": 0.8578230494524808,
            "arithmetic_mean_rank": 23.63602037232174,
            "inverse_median_rank": 1.0,
            "inverse_harmonic_mean_rank": 0.9329339277931669,
            "median_rank": 1.0,
            "harmonic_mean_rank": 1.0718872689789258,
            "geometric_mean_rank": 1.1657415834632399,
            "z_geometric_mean_rank": 320.4004296628366,
            "inverse_arithmetic_mean_rank": 0.042308306738939025,
            "z_inverse_harmonic_mean_rank": 49019.83467581188,
            "count": 102492.0,
            "z_arithmetic_mean_rank": 553.9254196873844,
            "hits_at_1": 0.8897279787690746,
            "hits_at_3": 0.9753932014205987,
            "hits_at_5": 0.9843402411895562,
            "hits_at_10": 0.9882429848183273,
            "z_hits_at_k": 21044.799918513105,
            "adjusted_hits_at_k": 0.9882403276284487
        },
        "realistic": {
            "adjusted_geometric_mean_rank_index": 0.999989820737198,
            "adjusted_inverse_harmonic_mean_rank": 0.9329168360155673,
            "median_absolute_deviation": 0.0,
            "adjusted_arithmetic_mean_rank_index": 0.9989770186117768,
            "variance": 221332.984375,
            "adjusted_arithmetic_mean_rank": 0.001068125700974236,
            "standard_deviation": 470.46038818359375,
            "inverse_geometric_mean_rank": 0.8578230738639832,
            "arithmetic_mean_rank": 23.636045455932617,
            "inverse_median_rank": 1.0,
            "inverse_harmonic_mean_rank": 0.9329339265823364,
            "median_rank": 1.0,
            "harmonic_mean_rank": 1.0718872703701001,
            "geometric_mean_rank": 1.1657415628433228,
            "z_geometric_mean_rank": 320.40042966324233,
            "inverse_arithmetic_mean_rank": 0.0423082634806633,
            "z_inverse_harmonic_mean_rank": 49019.83461217295,
            "count": 102492.0,
            "z_arithmetic_mean_rank": 553.9254190588154,
            "hits_at_1": 0.8897279787690746,
            "hits_at_3": 0.9753932014205987,
            "hits_at_5": 0.9843402411895562,
            "hits_at_10": 0.9882429848183273,
            "z_hits_at_k": 21044.799918513105,
            "adjusted_hits_at_k": 0.9882403276284487
        },
        "pessimistic": {
            "adjusted_geometric_mean_rank_index": 0.9999898207345822,
            "adjusted_inverse_harmonic_mean_rank": 0.9329168372128137,
            "median_absolute_deviation": 0.0,
            "adjusted_arithmetic_mean_rank_index": 0.9989770175406816,
            "variance": 221333.35079205732,
            "adjusted_arithmetic_mean_rank": 0.0010681267720210098,
            "standard_deviation": 470.4607856049825,
            "inverse_geometric_mean_rank": 0.8578230332844867,
            "arithmetic_mean_rank": 23.6360691566171,
            "inverse_median_rank": 1.0,
            "inverse_harmonic_mean_rank": 0.9329339277792779,
            "median_rank": 1.0,
            "harmonic_mean_rank": 1.0718872689948835,
            "geometric_mean_rank": 1.1657416054347913,
            "z_geometric_mean_rank": 320.40042966240424,