{
    "head": {
        "optimistic": {
            "z_inverse_harmonic_mean_rank": 17301.48201116456,
            "z_arithmetic_mean_rank": 549.9298144058083,
            "count": 102492.0,
            "adjusted_inverse_harmonic_mean_rank": 0.3304242646363251,
            "adjusted_geometric_mean_rank_index": 0.99956359442883,
            "median_absolute_deviation": 8.895613311033612,
            "adjusted_arithmetic_mean_rank_index": 0.9917890594768052,
            "variance": 3592964.4770057118,
            "adjusted_arithmetic_mean_rank": 0.008256073007415281,
            "standard_deviation": 1895.5116662805617,
            "inverse_geometric_mean_rank": 0.1241268845092613,
            "arithmetic_mean_rank": 181.42770167427702,
            "inverse_harmonic_mean_rank": 0.33059594100039197,
            "inverse_median_rank": 0.14285714285714285,
            "harmonic_mean_rank": 3.024840525791012,
            "median_rank": 7.0,
            "geometric_mean_rank": 8.056272450190985,
            "z_geometric_mean_rank": 320.26353186497755,
            "inverse_arithmetic_mean_rank": 0.005511837446937029,
            "hits_at_1": 0.20959684658314795,
            "hits_at_3": 0.3685165671467041,
            "hits_at_5": 0.45507942083284547,
            "hits_at_10": 0.5823576474261406,
            "z_hits_at_k": 12356.10878284688,
            "adjusted_hits_at_k": 0.5822625937669841
        },
        "realistic": {
            "z_inverse_harmonic_mean_rank": 17301.48041628625,
            "z_arithmetic_mean_rank": 549.9298135806544,
            "count": 102492.0,
            "adjusted_inverse_harmonic_mean_rank": 0.3304242341772874,
            "adjusted_geometric_mean_rank_index": 0.9995635942483901,
            "median_absolute_deviation": 8.895613311033612,
            "adjusted_arithmetic_mean_rank_index": 0.991789057988654,
            "variance": 3592965.0,
            "adjusted_arithmetic_mean_rank": 0.00825607449549871,
            "standard_deviation": 1895.5118408203125,
            "inverse_geometric_mean_rank": 0.12412683665752411,
            "arithmetic_mean_rank": 181.427734375,
            "inverse_harmonic_mean_rank": 0.3305959105491638,
            "inverse_median_rank": 0.1428571492433548,
            "harmonic_mean_rank": 3.024840804409428,
            "median_rank": 7.0,
            "geometric_mean_rank": 8.056275367736816,
            "z_geometric_mean_rank": 320.263531807164,
            "inverse_arithmetic_mean_rank": 0.005511836614459753,
            "hits_at_1": 0.20959684658314795,
            "hits_at_3": 0.3685165671467041,
            "hits_at_5": 0.45507942083284547,
            "hits_at_10": 0.5823576474261406,
            "z_hits_at_k": 12356.10878284688,
            "adjusted_hits_at_k": 0.5822625937669841
        },
        "pessimistic": {
            "z_inverse_harmonic_mean_rank": 17301.480557477225,
            "z_arithmetic_mean_rank": 549.9298131748094,
            "count": 102492.0,
            "adjusted_inverse_harmonic_mean_rank": 0.33042423687375727,
            "adjusted_geometric_mean_rank_index": 0.9995635941079818,
            "median_absolute_deviation": 8.895613311033612,
            "adjusted_arithmetic_mean_rank_index": 0.9917890572567195,
            "variance": 3592966.1095304233,
            "adjusted_arithmetic_mean_rank": 0.008256075227399884,
            "standard_deviation": 1895.5120969095458,
            "inverse_geometric_mean_rank": 0.12412680457807712,
            "arithmetic_mean_rank": 181.42775045857238,
            "inverse_harmonic_mean_rank": 0.3305959132449423,
            "inverse_median_rank": 0.14285714285714285,
            "harmonic_mean_rank": 3.0248407797439665,
            "median_rank": 7.0,
            "geometric_mean_rank": 8.05627763801,
            "z_geometric_mean_rank": 320.2635317621767,
            "inverse_arithmetic_mean_rank": 0.005511835964853361,
            "hits_at_1": 0.20959684658314795,
            "hits_at_3": 0.3685165671467041,
            "hits_at_5": 0.45507942083284547,
            "hits_at_10": 0.5823576474261406,
            "z_hits_at_k": 12356.10878284688,
            "adjusted_hits_at_k": 0.5822625937669841
        }
    },
    "tail": {
        "optimistic": {
            "z_inverse_harmonic_mean_rank": 50081.67300493842,
            "z_arithmetic_mean_rank": 554.0360583567949,
            "count": 102492.0,
            "adjusted_inverse_harmonic_mean_rank": 0.9531251235705119,
            "adjusted_geometric_mean_rank_index": 0.9999928788421646,
            "median_absolute_deviation": 0.0,
            "adjusted_arithmetic_mean_rank_index": 0.9991765510979818,
            "variance": 354271.7218355815,
            "adjusted_arithmetic_mean_rank": 0.000868602231750464,
            "standard_deviation": 595.2072931639711,
            "inverse_geometric_mean_rank": 0.8960985755801768,
            "arithmetic_mean_rank": 19.22088553252937,
            "inverse_harmonic_mean_rank": 0.9531370657353986,
            "inverse_median_rank": 1.0,
            "harmonic_mean_rank": 1.0491670463244906,
            "median_rank": 1.0,
            "geometric_mean_rank": 1.1159486548146251,
            "z_geometric_mean_rank": 320.4014094913615,
            "inverse_arithmetic_mean_rank": 0.0520267392627464,
            "hits_at_1": 0.925096592904812,
            "hits_at_3": 0.9801155212114117,
            "hits_at_5": 0.9851500604925263,
            "hits_at_10": 0.9884478788588378,
            "z_hits_at_k": 21049.16416929947,
            "adjusted_hits_at_k": 0.9884452679768326
        },
        "realistic": {
            "z_inverse_harmonic_mean_rank": 50081.671659600914,
            "z_arithmetic_mean_rank": 554.0360582437129,
            "count": 102492.0,
            "adjusted_inverse_harmonic_mean_rank": 0.9531250979668351,
            "adjusted_geometric_mean_rank_index": 0.9999928788407982,
            "median_absolute_deviation": 0.0,
            "adjusted_arithmetic_mean_rank_index": 0.999176550894044,
            "variance": 354271.78125,
            "adjusted_arithmetic_mean_rank": 0.0008686024356789592,
            "standard_deviation": 595.2073364257812,
            "inverse_geometric_mean_rank": 0.8960985541343689,
            "arithmetic_mean_rank": 19.220890045166016,
            "inverse_harmonic_mean_rank": 0.9531370401382446,
            "inverse_median_rank": 1.0,
            "harmonic_mean_rank": 1.0491670745005968,
            "median_rank": 1.0,
            "geometric_mean_rank": 1.1159486770629883,
            "z_geometric_mean_rank": 320.4014094909237,
            "inverse_arithmetic_mean_rank": 0.05202672630548477,
            "hits_at_1": 0.925096592904812,
            "hits_at_3": 0.9801155212114117,
            "hits_at_5": 0.9851500604925263,
            "hits_at_10": 0.9884478788588378,
            "z_hits_at_k": 21049.16416929947,
            "adjusted_hits_at_k": 0.9884452679768326
        },
        "pessimistic": {
            "z_inverse_harmonic_mean_rank": 50081.67300491858,
            "z_arithmetic_mean_rank": 554.0360581122982,
            "count": 102492.0,
            "adjusted_inverse_harmonic_mean_rank": 0.9531251235701345,
            "adjusted_geometric_mean_rank_index": 0.9999928788420331,
            "median_absolute_deviation": 0.0,
            "adjusted_arithmetic_mean_rank_index": 0.999176550657044,
            "variance": 354271.82069752424,
            "adjusted_arithmetic_mean_rank": 0.000868602672668212,
            "standard_deviation": 595.2073762122948,
            "inverse_geometric_mean_rank": 0.8960985738609542,
            "arithmetic_mean_rank": 19.22089528938844,
            "inverse_harmonic_mean_rank": 0.9531370657350211,
            "inverse_median_rank": 1.0,
            "harmonic_mean_rank": 1.049167046324906,