{
    "AUC": 0.8341088184530789,
    "PRECISION": 0.8439437603702733,
    "RECALL": 0.941634999512813,
    "F1": 0.8901169752233582
}